{
  "TransactionAmt": 31.95,
  "EVENT_TIMESTAMP": 1.627902149E9,
  "ENTITY_ID": "10409_170.0_-206",
  "ProductCD": "W",
  "card1": 10409,
  "card2": 111.0,
  "card3": 150.0,
  "card5": 226.0,
  "card6": "debit",
  "addr1": 170.0,
  "dist1": 1.0,
  "C1": 6.0,
  "C2": 6.0,
  "C4": 0.0,
  "C5": 3.0,
  "C6": 4.0,
  "C7": 0.0,
  "C8": 0.0,
  "C9": 6.0,
  "C10": 0.0,
  "C11": 5.0,
  "C12": 1.0,
  "C13": 115.0,
  "C14": 6.0,
  "V62": 0.0,
  "V70": 0.0,
  "V76": 0.0,
  "V78": 1.0,
  "V82": 1.0,
  "V91": 1.0,
  "V127": 47.95000076293945,
  "V130": 47.95000076293945,
  "V139": 0.0,
  "V160": 0.0,
  "V165": 0.0,
  "V187": 0.0,
  "V203": 0.0,
  "V207": 0.0,
  "V209": 0.0,
  "V210": 0.0,
  "V221": 0.0,
  "V234": 0.0,
  "V257": 0.0,
  "V258": 0.0,
  "V261": 0.0,
  "V264": 0.0,
  "V266": 0.0,
  "V267": 0.0,
  "V271": 0.0,
  "V274": 0.0,
  "V277": 0.0,
  "V283": 0.0,
  "V285": 1.0,
  "V289": 0.0,
  "V291": 1.0,
  "V294": 0.0,
  "id_01": 0.0,
  "id_02": 0.0,
  "id_05": 0.0,
  "id_06": 0.0,
  "id_09": 0.0,
  "id_13": 0.0,
  "id_17": 0.0,
  "id_19": 0.0,
  "id_20": 0.0,
  "DeviceType": "unknown",
  "DeviceInfo": "unknown"
}