{
  "TransactionAmt": 31.95,
  "EVENT_TIMESTAMP": 1.627902149E9,
  "ENTITY_ID": "10409_170.0_-206",
  "ProductCD": "W",
  "card1": 10409,
  "card2": 111.0,
  "card3": 150.0,
  "card5": 226.0,
  "card6": "debit",
  "addr1": 170.0,
  "dist1": 1.0,
  "C1": 6.0,
  "C2": 6.0,
  "C4": 0.0,
  "C5": 3.0,
  "C6": 4.0,
  "C7": 0.0,
  "C8": 0.0,
  "C9": 6.0,
  "C10": 0.0,
  "C11": 5.0,
  "C12": 1.0,
  "C13": 115.0,
  "C14": 6.0,
  "V62": 0.0,
  "V70": 0.0,
  "V76": 0.0,
  "V78": 1.0,
  "V82": 1.0,
  "V91": 1.0,
  "V127": 47.95000076293945,
  "V130": 47.95000076293945,
  "V139": 0.0,
  "V160": 0.0,
  "V165": 0.0,
  "V187": 0.0,
  "V203": 0.0,
  "V207": 0.0,
  "V209": 0.0,
  "V210": 0.0,
  "V221": 0.0,
  "V234": 0.0,
  "V257": 0.0,
  "V258": 0.0,
  "V261": 0.0,
  "V264": 0.0,
  "V266": 0.0,
  "V267": 0.0,
  "V271": 0.0,
  "V274": 0.0,
  "V277": 0.0,
  "V283": 0.0,
  "V285": 1.0,
  "V289": 0.0,
  "V291": 1.0,
  "V294": 0.0,
  "id_01": 0.0,
  "id_02": 0.0,
  "id_05": 0.0,
  "id_06": 0.0,
  "id_09": 0.0,
  "id_13": 0.0,
  "id_17": 0.0,
  "id_19": 0.0,
  "id_20": 0.0,
  "DeviceType": "unknown",
  "DeviceInfo": "unknown",
  "DeviceInfoTokens": [
    "unknown"
  ],
  "DeviceInfoVector": {
    "type": 1,
    "values": [
      -0.022538259625434875,
      0.015831639990210533,
      0.020299354568123817,
      -0.01658492162823677,
      -0.009874716401100159,
      0.019167637452483177,
      -2.9027462005615234E-5,
      0.011701757088303566,
      -0.023005738854408264,
      0.02491866610944271,
      -0.01659659668803215,
      -0.0132975485175848,
      -0.005564868450164795,
      -0.007006585597991943,
      0.02035532332956791,
      -0.019410988315939903,
      -0.003678551409393549,
      -7.667571189813316E-4,
      -3.2657384872436523E-4,
      -0.008045017719268799
    ]
  },
  "ENTITY_ID_tokens": [
    "10409",
    "170.0",
    "-206"
  ],
  "ENTITY_ID_hashed": {
    "type": 0,
    "size": 1000,
    "indices": [
      342,
      624,
      908
    ],
    "values": [
      1.0,
      1.0,
      1.0
    ]
  },
  "ProductCD_indexed": 0.0,
  "card6_indexed": 0.0,
  "DeviceType_indexed": 0.0,
  "features": {
    "type": 0,
    "size": 1065,
    "indices": [
      0,
      1,
      2,
      3,
      4,
      5,
      6,
      7,
      8,
      9,
      11,
      12,
      15,
      17,
      18,
      19,
      20,
      24,
      25,
      26,
      27,
      28,
      49,
      51,
      404,
      686,
      970
    ],
    "values": [
      31.95,
      1.627902149E9,
      10409.0,
      111.0,
      150.0,
      226.0,
      170.0,
      1.0,
      6.0,
      6.0,
      3.0,
      4.0,
      6.0,
      5.0,
      1.0,
      115.0,
      6.0,
      1.0,
      1.0,
      1.0,
      47.95000076293945,
      47.95000076293945,
      1.0,
      1.0,
      1.0,
      1.0,
      1.0
    ]
  },
  "rawPrediction": {
    "type": 1,
    "values": [
      1.4997453800075105,
      -1.4997453800075105
    ]
  },
  "probability": {
    "type": 1,
    "values": [
      0.9525511157580744,
      0.047448884241925615
    ]
  },
  "prediction": 0.0
}